output_file,source_file,asset_id,chosen_sprite,chosen_name,reference_count,all_references
001__camel__16__6dbb9b8951c06ba7e7dcc7d4b7fefe2d.svg,6dbb9b8951c06ba7e7dcc7d4b7fefe2d.svg,6dbb9b8951c06ba7e7dcc7d4b7fefe2d,camel,16,1,camel:3:16
002__camel__3__7093a905d63ba731d9ddfe8910941c72.svg,7093a905d63ba731d9ddfe8910941c72.svg,7093a905d63ba731d9ddfe8910941c72,camel,3,1,camel:5:3
003__camel__camel_knight__37bed103caa198dc0394ea6bc59243ca.svg,37bed103caa198dc0394ea6bc59243ca.svg,37bed103caa198dc0394ea6bc59243ca,camel,camel knight,1,camel:4:camel knight
004__camel__pb2__cc0dfd0f00d3edb1f0b72833bf7afdb4.svg,cc0dfd0f00d3edb1f0b72833bf7afdb4.svg,cc0dfd0f00d3edb1f0b72833bf7afdb4,camel,pb2,1,camel:2:pb2
005__camel__1__3339a2953a3bf62bb80e54ff575dbced.svg,3339a2953a3bf62bb80e54ff575dbced.svg,3339a2953a3bf62bb80e54ff575dbced,camel,모양 1,2,camel:1:모양 1 | kind of chess piece black:1:모양 1
006__chess__4__5bee3be8dd79cd04f9d88947d9d3a43e.svg,5bee3be8dd79cd04f9d88947d9d3a43e.svg,5bee3be8dd79cd04f9d88947d9d3a43e,chess,4,1,chess:11:4
007__chess__b__7aef60caa494bfeb14c926a7e10b900b.svg,7aef60caa494bfeb14c926a7e10b900b.svg,7aef60caa494bfeb14c926a7e10b900b,chess,b,1,chess:4:b
008__chess__k__eed90c5d7700774184b0fd02b5a42364.svg,eed90c5d7700774184b0fd02b5a42364.svg,eed90c5d7700774184b0fd02b5a42364,chess,k,1,chess:5:k
009__chess__move__e6872fa8d89685d1e40fb470084b3a13.svg,e6872fa8d89685d1e40fb470084b3a13.svg,e6872fa8d89685d1e40fb470084b3a13,chess,move,1,chess:9:move
010__chess__n__4c029336f5f4754bf0984f1a807437cb.svg,4c029336f5f4754bf0984f1a807437cb.svg,4c029336f5f4754bf0984f1a807437cb,chess,n,1,chess:3:n
011__chess__p__2bb0c86e8609abd16809e1216daa6c9f.svg,2bb0c86e8609abd16809e1216daa6c9f.svg,2bb0c86e8609abd16809e1216daa6c9f,chess,p,1,chess:1:p
012__chess__q__bee52124ca510c30561835eb2a7de7b8.svg,bee52124ca510c30561835eb2a7de7b8.svg,bee52124ca510c30561835eb2a7de7b8,chess,q,1,chess:6:q
013__chess__r__0fa79865e3b0366249fc849670818516.svg,0fa79865e3b0366249fc849670818516.svg,0fa79865e3b0366249fc849670818516,chess,r,1,chess:2:r
014__chess__take__5e9fae3dd69ce4fd326fc81898bd0724.svg,5e9fae3dd69ce4fd326fc81898bd0724.svg,5e9fae3dd69ce4fd326fc81898bd0724,chess,take,1,chess:8:take
015__chess_pieces__1__3dadc7942e9ff2cfda0f47265d8bf039.svg,3dadc7942e9ff2cfda0f47265d8bf039.svg,3dadc7942e9ff2cfda0f47265d8bf039,chess pieces,1,2,chess pieces:20:1 | 2:20:1
016__chess_pieces__2__5fc9db7e38b6880fac56d1264ffae1e9.svg,5fc9db7e38b6880fac56d1264ffae1e9.svg,5fc9db7e38b6880fac56d1264ffae1e9,chess pieces,2,2,chess pieces:19:2 | 2:19:2
017__chess_pieces__3__a6415a7c43d6f4e2b2129c07973be993.svg,a6415a7c43d6f4e2b2129c07973be993.svg,a6415a7c43d6f4e2b2129c07973be993,chess pieces,3,2,chess pieces:11:3 | 2:11:3
018__chess_pieces__4__dd85e46336c565ea492abbc5712db2ea.svg,dd85e46336c565ea492abbc5712db2ea.svg,dd85e46336c565ea492abbc5712db2ea,chess pieces,4,1,chess pieces:10:4
019__chess_pieces__5__19dd5316e0b72ef4654862c8b03155b9.svg,19dd5316e0b72ef4654862c8b03155b9.svg,19dd5316e0b72ef4654862c8b03155b9,chess pieces,5,2,chess pieces:12:5 | 2:12:5
020__chess_pieces__9__09f7317c120017d308855d88557a269c.svg,09f7317c120017d308855d88557a269c.svg,09f7317c120017d308855d88557a269c,chess pieces,9,3,chess pieces:17:9 | kind of chess piece2:9:9 | 2:17:9
021__chess_pieces__body__0fccdbd9b1cfbb4f3b0b403dde65c229.svg,0fccdbd9b1cfbb4f3b0b403dde65c229.svg,0fccdbd9b1cfbb4f3b0b403dde65c229,chess pieces,body,1,chess pieces:40:body
022__chess_pieces__body_curve__0d67c58a650f254a5162c870fda117ea.svg,0d67c58a650f254a5162c870fda117ea.svg,0d67c58a650f254a5162c870fda117ea,chess pieces,body curve,1,chess pieces:39:body curve
023__chess_pieces__body_curve2__9286d33d76ab41fb891e9f01ac1b17e6.svg,9286d33d76ab41fb891e9f01ac1b17e6.svg,9286d33d76ab41fb891e9f01ac1b17e6,chess pieces,body curve2,1,chess pieces:43:body curve2
024__chess_pieces__body2__548b0b02290c876e9c430891bbeefb9f.svg,548b0b02290c876e9c430891bbeefb9f.svg,548b0b02290c876e9c430891bbeefb9f,chess pieces,body2,1,chess pieces:44:body2
025__chess_pieces__bouncing_bishop_black__7589c4224b2f79e5e43efd6c9292129f.svg,7589c4224b2f79e5e43efd6c9292129f.svg,7589c4224b2f79e5e43efd6c9292129f,chess pieces,bouncing bishop black,3,chess pieces:26:bouncing bishop black | kind of chess piece black:12:bouncing bishop2 | 2:26:bouncing bishop black
026__chess_pieces__bw__6e5a70c7a3774bbad6fbd984ddd6d21e.svg,6e5a70c7a3774bbad6fbd984ddd6d21e.svg,6e5a70c7a3774bbad6fbd984ddd6d21e,chess pieces,bw,3,chess pieces:9:bw | kind of chess piece2:3:3 | 2:9:bw
027__chess_pieces__camelaon__4eb026339bc341e70ab9ea7edec150c2.svg,4eb026339bc341e70ab9ea7edec150c2.svg,4eb026339bc341e70ab9ea7edec150c2,chess pieces,camelaon,2,chess pieces:23:camelaon | 2:23:camelaon
028__chess_pieces__Chess_Alt45_1__02f1d589aa129ec988c451d266c2cec2.svg,02f1d589aa129ec988c451d266c2cec2.svg,02f1d589aa129ec988c451d266c2cec2,chess pieces,Chess_Alt45 (1),2,chess pieces:13:Chess_Alt45 (1) | 2:13:Chess_Alt45 (1)
029__chess_pieces__Chess_tlt45__97da37fc4c5d3727fcad2777b3cdc624.svg,97da37fc4c5d3727fcad2777b3cdc624.svg,97da37fc4c5d3727fcad2777b3cdc624,chess pieces,Chess_tlt45,2,chess pieces:22:Chess_tlt45 | 2:22:Chess_tlt45
030__chess_pieces__costume1_1__fc42a90c3544debdbfc63b81d05d504d.svg,fc42a90c3544debdbfc63b81d05d504d.svg,fc42a90c3544debdbfc63b81d05d504d,chess pieces,costume1 (1),1,chess pieces:48:costume1 (1)
031__chess_pieces__cut_head__79e3dd6896608e56bbc567e96fa1b85c.svg,79e3dd6896608e56bbc567e96fa1b85c.svg,79e3dd6896608e56bbc567e96fa1b85c,chess pieces,cut head,2,chess pieces:38:cut head | 스프라이트 1:3:cut head
032__chess_pieces__DCx_U2xhaGga2BHX6T4I8st1a1XszSVJv8X829uwDynl4cANjovliBTCGfaGA1z0NEWKz-bZokKbr4AR__6605e34eee15876f94831cdd66233121.svg,6605e34eee15876f94831cdd66233121.svg,6605e34eee15876f94831cdd66233121,chess pieces,DCx_U2xhaGga2BHX6T4I8st1a1XszSVJv8X829uwDynl4cANjovliBTCGfaGA1z0NEWKz-bZokKbr4AR9iQbZg,2,chess pieces:21:DCx_U2xhaGga2BHX6T4I8st1a1XszSVJv8X829uwDynl4cANjovliBTCGfaGA1z0NEWKz-bZokKbr4AR9iQbZg | 2:21:DCx_U2xhaGga2BHX6T4I8st1a1XszSVJv8X829uwDynl4cANjovliBTCGfaGA1z0NEWKz-bZokKbr4AR9iQbZg
033__chess_pieces__dozer__9f48a29e1cc9a80704f0ae7d17235100.svg,9f48a29e1cc9a80704f0ae7d17235100.svg,9f48a29e1cc9a80704f0ae7d17235100,chess pieces,dozer,2,chess pieces:30:dozer | 2:30:dozer
034__chess_pieces__garl__8983f8cf528f350f25717c7fbc73b75b.svg,8983f8cf528f350f25717c7fbc73b75b.svg,8983f8cf528f350f25717c7fbc73b75b,chess pieces,garl,2,chess pieces:28:garl | 2:28:garl
035__chess_pieces__god__cf96e937dcea3d206ff8510fe036723e.svg,cf96e937dcea3d206ff8510fe036723e.svg,cf96e937dcea3d206ff8510fe036723e,chess pieces,god,2,chess pieces:27:god | 2:27:god
036__chess_pieces__head__952c9b4ed27aa4d041fe77eab0f2bcec.svg,952c9b4ed27aa4d041fe77eab0f2bcec.svg,952c9b4ed27aa4d041fe77eab0f2bcec,chess pieces,head,1,chess pieces:37:head
037__chess_pieces__head2__9f49c817ca906404e0d6463889869c30.svg,9f49c817ca906404e0d6463889869c30.svg,9f49c817ca906404e0d6463889869c30,chess pieces,head2,1,chess pieces:42:head2
038__chess_pieces__kw2__9a7780a3ce46dbc0e07154d38a1dd5c3.svg,9a7780a3ce46dbc0e07154d38a1dd5c3.svg,9a7780a3ce46dbc0e07154d38a1dd5c3,chess pieces,kw2,2,chess pieces:14:kw2 | 2:14:kw2
039__chess_pieces__log1__de3146e867b1c8993fec81a1838d86f7.svg,de3146e867b1c8993fec81a1838d86f7.svg,de3146e867b1c8993fec81a1838d86f7,chess pieces,log1,1,chess pieces:49:log1
040__chess_pieces__log2__3418a52be3c10c70c8d5c99c29267259.svg,3418a52be3c10c70c8d5c99c29267259.svg,3418a52be3c10c70c8d5c99c29267259,chess pieces,log2,1,chess pieces:50:log2
041__chess_pieces__pw__5bd440d8534f51481e5a52d9b4dd0928.svg,5bd440d8534f51481e5a52d9b4dd0928.svg,5bd440d8534f51481e5a52d9b4dd0928,chess pieces,pw,4,chess pieces:16:pw | kind of chess piece2:6:6 | 2:16:pw | 스프라이트 2:8:6
042__chess_pieces__rw__c848bb6aa6b012d41eebe3fceb7c1064.svg,c848bb6aa6b012d41eebe3fceb7c1064.svg,c848bb6aa6b012d41eebe3fceb7c1064,chess pieces,rw,3,chess pieces:15:rw | kind of chess piece2:5:5 | 2:15:rw
043__chess_pieces__tail__a4417ee93d8e6cdfbe420618d01f7dd8.svg,a4417ee93d8e6cdfbe420618d01f7dd8.svg,a4417ee93d8e6cdfbe420618d01f7dd8,chess pieces,tail,1,chess pieces:41:tail
044__chess_pieces__tail2__f1ceabb75aa4d50049c2dc2a7a648bf0.svg,f1ceabb75aa4d50049c2dc2a7a648bf0.svg,f1ceabb75aa4d50049c2dc2a7a648bf0,chess pieces,tail2,1,chess pieces:45:tail2
045__chess_pieces__toilet__5adf2ccd11338d900a25786084499336.svg,5adf2ccd11338d900a25786084499336.svg,5adf2ccd11338d900a25786084499336,chess pieces,toilet,2,chess pieces:29:toilet | 2:29:toilet
046__kind_of_chess_piece_black__bishop_black__6a8e7e7263598756c329555da591696f.svg,6a8e7e7263598756c329555da591696f.svg,6a8e7e7263598756c329555da591696f,kind of chess piece black,bishop black,2,kind of chess piece black:7:bishop black | 스프라이트 1:4:bishop black
047__kind_of_chess_piece_black__camelaon_black__b0bc1cf242460c121de42011cb589664.svg,b0bc1cf242460c121de42011cb589664.svg,b0bc1cf242460c121de42011cb589664,kind of chess piece black,camelaon black,1,kind of chess piece black:9:camelaon black
048__kind_of_chess_piece_black__carl2__978fa0f5fa0da8e3eddfe0bc9dc4ff99.svg,978fa0f5fa0da8e3eddfe0bc9dc4ff99.svg,978fa0f5fa0da8e3eddfe0bc9dc4ff99,kind of chess piece black,carl2,1,kind of chess piece black:11:carl2
049__kind_of_chess_piece_black__dozer_black__4efc7fd71952b2559a40cdbc5c710e2b.svg,4efc7fd71952b2559a40cdbc5c710e2b.svg,4efc7fd71952b2559a40cdbc5c710e2b,kind of chess piece black,dozer black,1,kind of chess piece black:2:dozer black
050__kind_of_chess_piece_black__knight_black__a5c74b3946ec5f5f358a782f66468f43.svg,a5c74b3946ec5f5f358a782f66468f43.svg,a5c74b3946ec5f5f358a782f66468f43,kind of chess piece black,knight black,1,kind of chess piece black:6:knight black
051__kind_of_chess_piece_black__pb__605760d08d5759b14cd6c63678ba089d.svg,605760d08d5759b14cd6c63678ba089d.svg,605760d08d5759b14cd6c63678ba089d,kind of chess piece black,pb,1,kind of chess piece black:5:pb
052__kind_of_chess_piece_black__tem_blck__919211fb6cd55a4b7562292a4b8c6f0c.svg,919211fb6cd55a4b7562292a4b8c6f0c.svg,919211fb6cd55a4b7562292a4b8c6f0c,kind of chess piece black,tem blck,1,kind of chess piece black:3:tem blck
053__kind_of_chess_piece_white4__10__8b8061c20da757feb2ac3e572b67b6d4.svg,8b8061c20da757feb2ac3e572b67b6d4.svg,8b8061c20da757feb2ac3e572b67b6d4,kind of chess piece white4,10,4,kind of chess piece white4:69:10 | chess pieces:18:10 | kind of chess piece2:10:10 | 2:18:10
054__kind_of_chess_piece_white4__1000_F_543599994_PaeUjGedr7ZbLqapPXTMQexXdNVKO0qJ__90abd2fa0ad96374a61b181d4f6f4723.svg,90abd2fa0ad96374a61b181d4f6f4723.svg,90abd2fa0ad96374a61b181d4f6f4723,kind of chess piece white4,1000_F_543599994_PaeUjGedr7ZbLqapPXTMQexXdNVKO0qJ,1,kind of chess piece white4:129:1000_F_543599994_PaeUjGedr7ZbLqapPXTMQexXdNVKO0qJ
055__kind_of_chess_piece_white4__1085005__1b5670df575ff8648546b6c3e3a54375.svg,1b5670df575ff8648546b6c3e3a54375.svg,1b5670df575ff8648546b6c3e3a54375,kind of chess piece white4,1085005,1,kind of chess piece white4:135:1085005
056__kind_of_chess_piece_white4__11__6c166965363cb437350ce1c4a4a63052.svg,6c166965363cb437350ce1c4a4a63052.svg,6c166965363cb437350ce1c4a4a63052,kind of chess piece white4,11,2,kind of chess piece white4:18:11 | 스프라이트 2:11:11
057__kind_of_chess_piece_white4__1165858__f4f0a8488a6312704a7c6f097d8b76c2.svg,f4f0a8488a6312704a7c6f097d8b76c2.svg,f4f0a8488a6312704a7c6f097d8b76c2,kind of chess piece white4,1165858,1,kind of chess piece white4:119:1165858
058__kind_of_chess_piece_white4__1197365__16b1a01970a9065a39b771f6667999ea.svg,16b1a01970a9065a39b771f6667999ea.svg,16b1a01970a9065a39b771f6667999ea,kind of chess piece white4,1197365,1,kind of chess piece white4:116:1197365
059__kind_of_chess_piece_white4__12__5b1aadbf48176e9e3b810b3d4d4d452f.svg,5b1aadbf48176e9e3b810b3d4d4d452f.svg,5b1aadbf48176e9e3b810b3d4d4d452f,kind of chess piece white4,12,1,kind of chess piece white4:140:12
060__kind_of_chess_piece_white4__1292604__5dfe8a63c39623d69df1fce85fddb57b.svg,5dfe8a63c39623d69df1fce85fddb57b.svg,5dfe8a63c39623d69df1fce85fddb57b,kind of chess piece white4,1292604,1,kind of chess piece white4:110:1292604
061__kind_of_chess_piece_white4__1294345__b0b1031c4eed0e6c6eadc3bea1b6fa56.svg,b0b1031c4eed0e6c6eadc3bea1b6fa56.svg,b0b1031c4eed0e6c6eadc3bea1b6fa56,kind of chess piece white4,1294345,1,kind of chess piece white4:120:1294345
062__kind_of_chess_piece_white4__1299374__e5daee175a0ae30fe1c708041ab7c006.svg,e5daee175a0ae30fe1c708041ab7c006.svg,e5daee175a0ae30fe1c708041ab7c006,kind of chess piece white4,1299374,1,kind of chess piece white4:121:1299374
063__kind_of_chess_piece_white4__13__7464bd9bde9351350d9753b602e7dadc.svg,7464bd9bde9351350d9753b602e7dadc.svg,7464bd9bde9351350d9753b602e7dadc,kind of chess piece white4,13,1,kind of chess piece white4:142:13
064__kind_of_chess_piece_white4__1321399__903ee0ddf5fd85c40d16f330a0dafb56.svg,903ee0ddf5fd85c40d16f330a0dafb56.svg,903ee0ddf5fd85c40d16f330a0dafb56,kind of chess piece white4,1321399,1,kind of chess piece white4:109:1321399
065__kind_of_chess_piece_white4__14__692317bc8fe35f72e3eb99151e89f39b.svg,692317bc8fe35f72e3eb99151e89f39b.svg,692317bc8fe35f72e3eb99151e89f39b,kind of chess piece white4,14,1,kind of chess piece white4:137:14
066__kind_of_chess_piece_white4__147570__9882c1102635a0d66cb43350232edf47.svg,9882c1102635a0d66cb43350232edf47.svg,9882c1102635a0d66cb43350232edf47,kind of chess piece white4,147570,2,kind of chess piece white4:94:147570 | 스프라이트 2:38:147570
067__kind_of_chess_piece_white4__15__42ef326da36d945047583b7765dc5d03.svg,42ef326da36d945047583b7765dc5d03.svg,42ef326da36d945047583b7765dc5d03,kind of chess piece white4,15,1,kind of chess piece white4:139:15
068__kind_of_chess_piece_white4__153108__5fe081f1c8baba9eee98caf66027800c.svg,5fe081f1c8baba9eee98caf66027800c.svg,5fe081f1c8baba9eee98caf66027800c,kind of chess piece white4,153108,1,kind of chess piece white4:146:153108
069__kind_of_chess_piece_white4__16__3dc9bd0391bf141eaa0b913f4a51e075.svg,3dc9bd0391bf141eaa0b913f4a51e075.svg,3dc9bd0391bf141eaa0b913f4a51e075,kind of chess piece white4,16,1,kind of chess piece white4:141:16
070__kind_of_chess_piece_white4__17__96f9fc94f7aa56263fd44ab644020253.svg,96f9fc94f7aa56263fd44ab644020253.svg,96f9fc94f7aa56263fd44ab644020253,kind of chess piece white4,17,1,kind of chess piece white4:143:17
071__kind_of_chess_piece_white4__1710299_1__13f54c0ba9e9282765d36a2901bc4073.svg,13f54c0ba9e9282765d36a2901bc4073.svg,13f54c0ba9e9282765d36a2901bc4073,kind of chess piece white4,1710299 (1),1,kind of chess piece white4:122:1710299 (1)
072__kind_of_chess_piece_white4__1710299_1_1__8b476fa5eb1494fd759b2742ee786918.svg,8b476fa5eb1494fd759b2742ee786918.svg,8b476fa5eb1494fd759b2742ee786918,kind of chess piece white4,1710299 (1) (1),2,kind of chess piece white4:111:1710299 (1) (1) | 스프라이트 2:43:1710299 (1) (1)
073__kind_of_chess_piece_white4__1731337__20f146ada4575e62b01008b57e469742.svg,20f146ada4575e62b01008b57e469742.svg,20f146ada4575e62b01008b57e469742,kind of chess piece white4,1731337,1,kind of chess piece white4:118:1731337
074__kind_of_chess_piece_white4__1792874_1_1__af7aae001c76988abdda5c12e165c417.svg,af7aae001c76988abdda5c12e165c417.svg,af7aae001c76988abdda5c12e165c417,kind of chess piece white4,1792874 (1) (1),1,kind of chess piece white4:123:1792874 (1) (1)
075__kind_of_chess_piece_white4__1798092__ff3182815e3741ea0039be1853496510.svg,ff3182815e3741ea0039be1853496510.svg,ff3182815e3741ea0039be1853496510,kind of chess piece white4,1798092,1,kind of chess piece white4:134:1798092
076__kind_of_chess_piece_white4__18__39e0eaba5f400b07dfc2564d0d32b6fc.svg,39e0eaba5f400b07dfc2564d0d32b6fc.svg,39e0eaba5f400b07dfc2564d0d32b6fc,kind of chess piece white4,18,1,kind of chess piece white4:136:18
077__kind_of_chess_piece_white4__1865345__79a21643a6af93205d31501660d87255.svg,79a21643a6af93205d31501660d87255.svg,79a21643a6af93205d31501660d87255,kind of chess piece white4,1865345,1,kind of chess piece white4:151:1865345
078__kind_of_chess_piece_white4__1873373__420cbd6b7b2309b4f329d0da47e37986.svg,420cbd6b7b2309b4f329d0da47e37986.svg,420cbd6b7b2309b4f329d0da47e37986,kind of chess piece white4,1873373,2,kind of chess piece white4:99:1873373 | 스프라이트 2:42:1873373
079__kind_of_chess_piece_white4__1877810__5b85c2bede56fa9b7695a7dff08b2f30.svg,5b85c2bede56fa9b7695a7dff08b2f30.svg,5b85c2bede56fa9b7695a7dff08b2f30,kind of chess piece white4,1877810,1,kind of chess piece white4:132:1877810
080__kind_of_chess_piece_white4__19__e55c0570fa5b98e3a9572e3e6198f9b3.svg,e55c0570fa5b98e3a9572e3e6198f9b3.svg,e55c0570fa5b98e3a9572e3e6198f9b3,kind of chess piece white4,19,1,kind of chess piece white4:133:19
081__kind_of_chess_piece_white4__2__8584e6bdad458b075c7742bdf3acd5f1.svg,8584e6bdad458b075c7742bdf3acd5f1.svg,8584e6bdad458b075c7742bdf3acd5f1,kind of chess piece white4,2,1,kind of chess piece white4:58:2
082__kind_of_chess_piece_white4__20__f212db5fbbe99210a5f409a4928ac1df.svg,f212db5fbbe99210a5f409a4928ac1df.svg,f212db5fbbe99210a5f409a4928ac1df,kind of chess piece white4,20,1,kind of chess piece white4:148:20
083__kind_of_chess_piece_white4__2099119__096e73c11d4219e9d75b09c2c499360c.svg,096e73c11d4219e9d75b09c2c499360c.svg,096e73c11d4219e9d75b09c2c499360c,kind of chess piece white4,2099119,1,kind of chess piece white4:105:2099119
084__kind_of_chess_piece_white4__21__5a3f5cbbbe49a034be318cfcd3a0d1c1.svg,5a3f5cbbbe49a034be318cfcd3a0d1c1.svg,5a3f5cbbbe49a034be318cfcd3a0d1c1,kind of chess piece white4,21,1,kind of chess piece white4:147:21
085__kind_of_chess_piece_white4__22__341718a2cb926e72f63f74dbd27edc47.svg,341718a2cb926e72f63f74dbd27edc47.svg,341718a2cb926e72f63f74dbd27edc47,kind of chess piece white4,22,1,kind of chess piece white4:4:22
086__kind_of_chess_piece_white4__23123__074c2db7d5fb9de1e60f6b3bf2949c2d.svg,074c2db7d5fb9de1e60f6b3bf2949c2d.svg,074c2db7d5fb9de1e60f6b3bf2949c2d,kind of chess piece white4,23123,2,kind of chess piece white4:96:23123 | 스프라이트 2:40:23123
087__kind_of_chess_piece_white4__2474728_2_1__c3f6cdf72341ecb920a7d8cef5c3d7eb.svg,c3f6cdf72341ecb920a7d8cef5c3d7eb.svg,c3f6cdf72341ecb920a7d8cef5c3d7eb,kind of chess piece white4,2474728 (2) (1),1,kind of chess piece white4:98:2474728 (2) (1)
088__kind_of_chess_piece_white4__2474728_2_1_1_1__12af60ace8d0de187f097177ac2f16f9.svg,12af60ace8d0de187f097177ac2f16f9.svg,12af60ace8d0de187f097177ac2f16f9,kind of chess piece white4,2474728 (2) (1) (1) (1),1,kind of chess piece white4:130:2474728 (2) (1) (1) (1)
089__kind_of_chess_piece_white4__2474728_2_1_1_1_2__6a99db7607b773ba49db6c604b2ad9ae.svg,6a99db7607b773ba49db6c604b2ad9ae.svg,6a99db7607b773ba49db6c604b2ad9ae,kind of chess piece white4,2474728 (2) (1) (1) (1)2,1,kind of chess piece white4:131:2474728 (2) (1) (1) (1)2
090__kind_of_chess_piece_white4__25777__c3bdc9d28c5d800d8fa2abd897c7f1d1.svg,c3bdc9d28c5d800d8fa2abd897c7f1d1.svg,c3bdc9d28c5d800d8fa2abd897c7f1d1,kind of chess piece white4,25777,1,kind of chess piece white4:150:25777
091__kind_of_chess_piece_white4__30106__6c61c5312e8d0bb92e12c4b2984de1c1.svg,6c61c5312e8d0bb92e12c4b2984de1c1.svg,6c61c5312e8d0bb92e12c4b2984de1c1,kind of chess piece white4,30106,1,kind of chess piece white4:107:30106
092__kind_of_chess_piece_white4__30274__f232bb2dc781a7ba32491ebe35071703.svg,f232bb2dc781a7ba32491ebe35071703.svg,f232bb2dc781a7ba32491ebe35071703,kind of chess piece white4,30274,1,kind of chess piece white4:106:30274
093__kind_of_chess_piece_white4__304185__ccfd8b348db8b4537459170add49bfb1.svg,ccfd8b348db8b4537459170add49bfb1.svg,ccfd8b348db8b4537459170add49bfb1,kind of chess piece white4,304185,1,kind of chess piece white4:49:304185
094__kind_of_chess_piece_white4__310931__c6d5d9ed80a198f97fc51956ca1bbd32.svg,c6d5d9ed80a198f97fc51956ca1bbd32.svg,c6d5d9ed80a198f97fc51956ca1bbd32,kind of chess piece white4,310931,1,kind of chess piece white4:93:310931
095__kind_of_chess_piece_white4__31RE-E2q7eL__735db4a8fa9da28f2d34816ba666e64d.svg,735db4a8fa9da28f2d34816ba666e64d.svg,735db4a8fa9da28f2d34816ba666e64d,kind of chess piece white4,31RE-E2q7eL,1,kind of chess piece white4:115:31RE-E2q7eL
096__kind_of_chess_piece_white4__36388__2081144747fa528aa5a34f15a29c41b6.svg,2081144747fa528aa5a34f15a29c41b6.svg,2081144747fa528aa5a34f15a29c41b6,kind of chess piece white4,36388,1,kind of chess piece white4:108:36388
097__kind_of_chess_piece_white4__36389__68df40b465ee65f65a2396f35fe0bc21.svg,68df40b465ee65f65a2396f35fe0bc21.svg,68df40b465ee65f65a2396f35fe0bc21,kind of chess piece white4,36389,1,kind of chess piece white4:102:36389
098__kind_of_chess_piece_white4__36390__c018beb81d8ed065afe63188e4f29955.svg,c018beb81d8ed065afe63188e4f29955.svg,c018beb81d8ed065afe63188e4f29955,kind of chess piece white4,36390,1,kind of chess piece white4:103:36390
099__kind_of_chess_piece_white4__36391__0b9b6ca306e677b44f4b0355f7bd9bf3.svg,0b9b6ca306e677b44f4b0355f7bd9bf3.svg,0b9b6ca306e677b44f4b0355f7bd9bf3,kind of chess piece white4,36391,1,kind of chess piece white4:101:36391
100__kind_of_chess_piece_white4__36392__41314e1a70797c4c5a902753a95cb67d.svg,41314e1a70797c4c5a902753a95cb67d.svg,41314e1a70797c4c5a902753a95cb67d,kind of chess piece white4,36392,1,kind of chess piece white4:100:36392
101__kind_of_chess_piece_white4__36393__b896c58b9673b191222977d6ebc2cca8.svg,b896c58b9673b191222977d6ebc2cca8.svg,b896c58b9673b191222977d6ebc2cca8,kind of chess piece white4,36393,1,kind of chess piece white4:104:36393
102__kind_of_chess_piece_white4__4__c27583611443af136a1499cbe2b9787e.svg,c27583611443af136a1499cbe2b9787e.svg,c27583611443af136a1499cbe2b9787e,kind of chess piece white4,4,1,kind of chess piece white4:64:4
103__kind_of_chess_piece_white4__40168__711e37d2135e7d033583f5048e1d4c0f.svg,711e37d2135e7d033583f5048e1d4c0f.svg,711e37d2135e7d033583f5048e1d4c0f,kind of chess piece white4,40168,1,kind of chess piece white4:117:40168
104__kind_of_chess_piece_white4__47621_1_1__b6ccbd2626ea9e970dbcc4c8fba8ab61.svg,b6ccbd2626ea9e970dbcc4c8fba8ab61.svg,b6ccbd2626ea9e970dbcc4c8fba8ab61,kind of chess piece white4,47621 (1) (1),1,kind of chess piece white4:112:47621 (1) (1)
105__kind_of_chess_piece_white4__5__6ae646fc4945f703613187a212bbecec.svg,6ae646fc4945f703613187a212bbecec.svg,6ae646fc4945f703613187a212bbecec,kind of chess piece white4,5,2,kind of chess piece white4:6:5 | 스프라이트 2:5:5
106__kind_of_chess_piece_white4__6__3adaf57471191b2494e2c3f51804cd0f.svg,3adaf57471191b2494e2c3f51804cd0f.svg,3adaf57471191b2494e2c3f51804cd0f,kind of chess piece white4,6,1,kind of chess piece white4:5:6
107__kind_of_chess_piece_white4__7__b68e6d6a2e5923f2e8e192a6235d1a57.svg,b68e6d6a2e5923f2e8e192a6235d1a57.svg,b68e6d6a2e5923f2e8e192a6235d1a57,kind of chess piece white4,7,1,kind of chess piece white4:15:7
108__kind_of_chess_piece_white4__8__fdc7f086b0d4c84c2db568a4631da541.svg,fdc7f086b0d4c84c2db568a4631da541.svg,fdc7f086b0d4c84c2db568a4631da541,kind of chess piece white4,8,1,kind of chess piece white4:63:8
109__kind_of_chess_piece_white4__8_1__dedab0a98e4c1a313fec5eb4888de3f7.svg,dedab0a98e4c1a313fec5eb4888de3f7.svg,dedab0a98e4c1a313fec5eb4888de3f7,kind of chess piece white4,8 (1),1,kind of chess piece white4:44:8 (1)
110__kind_of_chess_piece_white4__9__f1b53ced872739af851cf6e9bc81c945.svg,f1b53ced872739af851cf6e9bc81c945.svg,f1b53ced872739af851cf6e9bc81c945,kind of chess piece white4,9,1,kind of chess piece white4:138:9
111__kind_of_chess_piece_white4__aanca-b__d79c65280bd04fb8269dae5804e9f4cf.svg,d79c65280bd04fb8269dae5804e9f4cf.svg,d79c65280bd04fb8269dae5804e9f4cf,kind of chess piece white4,aanca-b,1,kind of chess piece white4:88:aanca-b
112__kind_of_chess_piece_white4__aanca-w__d83d5854021ae5d897309e6953729162.svg,d83d5854021ae5d897309e6953729162.svg,d83d5854021ae5d897309e6953729162,kind of chess piece white4,aanca-w,2,kind of chess piece white4:87:aanca-w | 스프라이트 2:32:aanca-w
113__kind_of_chess_piece_white4__amazon__ede4313e74ad5092d33224a5afa274fa.svg,ede4313e74ad5092d33224a5afa274fa.svg,ede4313e74ad5092d33224a5afa274fa,kind of chess piece white4,amazon,2,kind of chess piece white4:55:amazon | 스프라이트 2:26:amazon
114__kind_of_chess_piece_white4__archbishop-b__1e44fb259ec351deff3c2a17a0e29828.svg,1e44fb259ec351deff3c2a17a0e29828.svg,1e44fb259ec351deff3c2a17a0e29828,kind of chess piece white4,archbishop-b,1,kind of chess piece white4:34:archbishop-b
115__kind_of_chess_piece_white4__archbishop-w__ad9b5f634238e83241c9091c4a2fe7ce.svg,ad9b5f634238e83241c9091c4a2fe7ce.svg,ad9b5f634238e83241c9091c4a2fe7ce,kind of chess piece white4,archbishop-w,3,kind of chess piece white4:33:archbishop-w | kind of chess piece2:23:Chess_alt45 | 스프라이트 2:19:archbishop-w
116__kind_of_chess_piece_white4__Ball-e__378111fa7e766a10440b76ca7155c570.svg,378111fa7e766a10440b76ca7155c570.svg,378111fa7e766a10440b76ca7155c570,kind of chess piece white4,Ball-e,1,kind of chess piece white4:149:Ball-e
117__kind_of_chess_piece_white4__bard__0ef2f0cf7b5c590a8553b9ef41990e5e.svg,0ef2f0cf7b5c590a8553b9ef41990e5e.svg,0ef2f0cf7b5c590a8553b9ef41990e5e,kind of chess piece white4,bard,2,kind of chess piece white4:38:bard | 스프라이트 2:22:bard
118__kind_of_chess_piece_white4__bb__8feab435b11811caf040abb0bb8f6db1.svg,8feab435b11811caf040abb0bb8f6db1.svg,8feab435b11811caf040abb0bb8f6db1,kind of chess piece white4,bb,3,kind of chess piece white4:76:bb | chess pieces:3:bb | 2:3:bb
119__kind_of_chess_piece_white4__bishop_white__d9168a9a276ef7f4efc0af76f7d7d17d.svg,d9168a9a276ef7f4efc0af76f7d7d17d.svg,d9168a9a276ef7f4efc0af76f7d7d17d,kind of chess piece white4,bishop white,2,kind of chess piece white4:7:bishop white | 스프라이트 2:6:bishop white
120__kind_of_chess_piece_white4__bishop_white3__bdafad8219bb91c8153d4ac03153fde5.svg,bdafad8219bb91c8153d4ac03153fde5.svg,bdafad8219bb91c8153d4ac03153fde5,kind of chess piece white4,bishop white3,1,kind of chess piece white4:155:bishop white3
121__kind_of_chess_piece_white4__bishop_white4__a40c3c679a707fb14da694a629b9f5cf.svg,a40c3c679a707fb14da694a629b9f5cf.svg,a40c3c679a707fb14da694a629b9f5cf,kind of chess piece white4,bishop white4,1,kind of chess piece white4:3:bishop white4
122__kind_of_chess_piece_white4__black-hole-emoji-1024x1024-btoxw50k_1_1_1_1__eb5191e704f2d22a4370f22c2ee5c9fb.svg,eb5191e704f2d22a4370f22c2ee5c9fb.svg,eb5191e704f2d22a4370f22c2ee5c9fb,kind of chess piece white4,black-hole-emoji-1024x1024-btoxw50k (1) (1) (1) (1),2,kind of chess piece white4:125:black-hole-emoji-1024x1024-btoxw50k (1) (1) (1) (1) | 스프라이트 2:44:black-hole-emoji-1024x1024-btoxw50k (1) (1) (1) (1)
123__kind_of_chess_piece_white4__black-hole-emoji-1024x1024-btoxw50k_1_1_1_1_2__b374aafa9e9f79abb968dff120c797be.svg,b374aafa9e9f79abb968dff120c797be.svg,b374aafa9e9f79abb968dff120c797be,kind of chess piece white4,black-hole-emoji-1024x1024-btoxw50k (1) (1) (1) (1)2,1,kind of chess piece white4:126:black-hole-emoji-1024x1024-btoxw50k (1) (1) (1) (1)2
124__kind_of_chess_piece_white4__boat-b__53cd45e066d0a2730ab84d3c95fc9667.svg,53cd45e066d0a2730ab84d3c95fc9667.svg,53cd45e066d0a2730ab84d3c95fc9667,kind of chess piece white4,boat-b,1,kind of chess piece white4:30:boat-b
125__kind_of_chess_piece_white4__boat-w__9e095a0a2c92e9ac01c881d851b367b0.svg,9e095a0a2c92e9ac01c881d851b367b0.svg,9e095a0a2c92e9ac01c881d851b367b0,kind of chess piece white4,boat-w,2,kind of chess piece white4:29:boat-w | 스프라이트 2:17:boat-w
126__kind_of_chess_piece_white4__bouncing_bishop__9f5dc67f7b91bbcce8a91a0700eb2bf5.svg,9f5dc67f7b91bbcce8a91a0700eb2bf5.svg,9f5dc67f7b91bbcce8a91a0700eb2bf5,kind of chess piece white4,bouncing bishop,4,kind of chess piece white4:48:bouncing bishop | chess pieces:25:bouncing bishop white | 2:25:bouncing bishop white | 스프라이트 2:24:bouncing bishop
127__kind_of_chess_piece_white4__buffalob__d1629e40f0ca5a2acdba4f5bf73a351d.svg,d1629e40f0ca5a2acdba4f5bf73a351d.svg,d1629e40f0ca5a2acdba4f5bf73a351d,kind of chess piece white4,buffalob,1,kind of chess piece white4:166:buffalob
128__kind_of_chess_piece_white4__buffalow__668ab9f21ab12e2076d57df65323801c.svg,668ab9f21ab12e2076d57df65323801c.svg,668ab9f21ab12e2076d57df65323801c,kind of chess piece white4,buffalow,1,kind of chess piece white4:167:buffalow
129__kind_of_chess_piece_white4__bw2__a1647d6e6f0e093557287250cfe38fa9.svg,a1647d6e6f0e093557287250cfe38fa9.svg,a1647d6e6f0e093557287250cfe38fa9,kind of chess piece white4,bw2,1,kind of chess piece white4:61:bw2
130__kind_of_chess_piece_white4__bw2_3_2__3ab011b6f63f49bb00656c5e172372d6.svg,3ab011b6f63f49bb00656c5e172372d6.svg,3ab011b6f63f49bb00656c5e172372d6,kind of chess piece white4,bw2 (3)2,2,kind of chess piece white4:57:bw2 (3)2 | 스프라이트 2:27:bw2 (3)2
131__kind_of_chess_piece_white4__bw3__11da786a630e1d3c67f9e4a9cf59350b.svg,11da786a630e1d3c67f9e4a9cf59350b.svg,11da786a630e1d3c67f9e4a9cf59350b,kind of chess piece white4,bw3,1,kind of chess piece white4:60:bw3
132__kind_of_chess_piece_white4__bw3_1__f725b04a444dafb91980d92adb220b6b.svg,f725b04a444dafb91980d92adb220b6b.svg,f725b04a444dafb91980d92adb220b6b,kind of chess piece white4,bw3 (1),1,kind of chess piece white4:62:bw3 (1)
133__kind_of_chess_piece_white4__bw3_1_2__f2a7b240590b2ca43f76904e412f5f80.svg,f2a7b240590b2ca43f76904e412f5f80.svg,f2a7b240590b2ca43f76904e412f5f80,kind of chess piece white4,bw3 (1)2,1,kind of chess piece white4:154:bw3 (1)2
134__kind_of_chess_piece_white4__camelaon__ac20d2f7df6ab1e627a6607890460ae0.svg,ac20d2f7df6ab1e627a6607890460ae0.svg,ac20d2f7df6ab1e627a6607890460ae0,kind of chess piece white4,camelaon,2,kind of chess piece white4:40:camelaon | 스프라이트 2:23:camelaon
135__kind_of_chess_piece_white4__cantaur-b__eb38d3cc0c45e05d560df6af84f09f80.svg,eb38d3cc0c45e05d560df6af84f09f80.svg,eb38d3cc0c45e05d560df6af84f09f80,kind of chess piece white4,cantaur-b,1,kind of chess piece white4:22:cantaur-b
136__kind_of_chess_piece_white4__cantaur-w__65f9b5dac9b2087a014a744c3ee01dcd.svg,65f9b5dac9b2087a014a744c3ee01dcd.svg,65f9b5dac9b2087a014a744c3ee01dcd,kind of chess piece white4,cantaur-w,2,kind of chess piece white4:21:cantaur-w | 스프라이트 2:13:cantaur-w
137__kind_of_chess_piece_white4__catlew__263148bc455885ab8a8edeb9554f61a0.svg,263148bc455885ab8a8edeb9554f61a0.svg,263148bc455885ab8a8edeb9554f61a0,kind of chess piece white4,catlew,1,kind of chess piece white4:165:catlew
138__kind_of_chess_piece_white4__chancellor-b__4f6a9f3d1aae45a02e59117c64232fc0.svg,4f6a9f3d1aae45a02e59117c64232fc0.svg,4f6a9f3d1aae45a02e59117c64232fc0,kind of chess piece white4,chancellor-b,1,kind of chess piece white4:32:chancellor-b
139__kind_of_chess_piece_white4__chancellor-w__59fed24e8f8b7957f3fdfe9ebdb98777.svg,59fed24e8f8b7957f3fdfe9ebdb98777.svg,59fed24e8f8b7957f3fdfe9ebdb98777,kind of chess piece white4,chancellor-w,3,kind of chess piece white4:31:chancellor-w | kind of chess piece2:22:Chess_clt45 (1) | 스프라이트 2:18:chancellor-w
140__kind_of_chess_piece_white4__Chess_edt45__5a00f48232dea62972b2b8a410aff777.svg,5a00f48232dea62972b2b8a410aff777.svg,5a00f48232dea62972b2b8a410aff777,kind of chess piece white4,Chess_edt45,1,kind of chess piece white4:83:Chess_edt45
141__kind_of_chess_piece_white4__Chess_elt2__134e39702ea6984ef244ec65d79ae1a8.svg,134e39702ea6984ef244ec65d79ae1a8.svg,134e39702ea6984ef244ec65d79ae1a8,kind of chess piece white4,Chess_elt2,1,kind of chess piece white4:28:Chess_elt2
142__kind_of_chess_piece_white4__Chess_elt45__a9d64d7dcffdbdfc60ca6c508546cfcf.svg,a9d64d7dcffdbdfc60ca6c508546cfcf.svg,a9d64d7dcffdbdfc60ca6c508546cfcf,kind of chess piece white4,Chess_elt45,2,kind of chess piece white4:27:Chess_elt45 | kind of chess piece2:18:Chess_elt45
143__kind_of_chess_piece_white4__Chess_elt45_1__7c2734dff490832be52e04741ad7f6f4.svg,7c2734dff490832be52e04741ad7f6f4.svg,7c2734dff490832be52e04741ad7f6f4,kind of chess piece white4,Chess_elt45 (1),1,kind of chess piece white4:82:Chess_elt45 (1)
144__kind_of_chess_piece_white4__Chess_Mlt45__44b467bbfd44e2369fb7818fba1bac36.svg,44b467bbfd44e2369fb7818fba1bac36.svg,44b467bbfd44e2369fb7818fba1bac36,kind of chess piece white4,Chess_Mlt45,2,kind of chess piece white4:23:Chess_Mlt45 | 스프라이트 2:14:Chess_Mlt45
145__kind_of_chess_piece_white4__Chess_xlt2__527c1483b3032ae3be71ad48ae24e11f.svg,527c1483b3032ae3be71ad48ae24e11f.svg,527c1483b3032ae3be71ad48ae24e11f,kind of chess piece white4,Chess_xlt2,1,kind of chess piece white4:53:Chess_xlt2
146__kind_of_chess_piece_white4__Chess_xlt45__c40c696f7f0473074e6ac1f95b356b19.svg,c40c696f7f0473074e6ac1f95b356b19.svg,c40c696f7f0473074e6ac1f95b356b19,kind of chess piece white4,Chess_xlt45,3,kind of chess piece white4:37:Chess_xlt45 | kind of chess piece2:27:Chess_xlt45 | 스프라이트 2:21:Chess_xlt45
147__kind_of_chess_piece_white4__costume1_1__78e293d0db6786108971b245865bf98c.svg,78e293d0db6786108971b245865bf98c.svg,78e293d0db6786108971b245865bf98c,kind of chess piece white4,costume1 (1),2,kind of chess piece white4:91:costume1 (1) | 스프라이트 2:36:costume1 (1)
148__kind_of_chess_piece_white4__DCx_U2xhaGga2BHX6T4I8st1a1XszSVJv8X829uwDynl4cANjovliBTCGfaGA1z0NEWKz-bZokKbr4AR__b82c54cca14e4f7fec10b9adc4b4908e.svg,b82c54cca14e4f7fec10b9adc4b4908e.svg,b82c54cca14e4f7fec10b9adc4b4908e,kind of chess piece white4,DCx_U2xhaGga2BHX6T4I8st1a1XszSVJv8X829uwDynl4cANjovliBTCGfaGA1z0NEWKz-bZokKbr4AR9iQbZg,2,kind of chess piece white4:89:DCx_U2xhaGga2BHX6T4I8st1a1XszSVJv8X829uwDynl4cANjovliBTCGfaGA1z0NEWKz-bZokKbr4AR9iQbZg | 스프라이트 2:37:DCx_U2xhaGga2BHX6T4I8st1a1XszSVJv8X829uwDynl4cANjovliBTCGfaGA1z0NEWKz-bZokKbr4AR9iQbZg
149__kind_of_chess_piece_white4__DCx_U2xhaGga2BHX6T4I8st1a1XszSVJv8X829uwDynl4cANjovliBTCGfaGA1z0NEWKz-bZokKbr4AR__8f2859e7dfdefd3d0331bb133a86e038.svg,8f2859e7dfdefd3d0331bb133a86e038.svg,8f2859e7dfdefd3d0331bb133a86e038,kind of chess piece white4,DCx_U2xhaGga2BHX6T4I8st1a1XszSVJv8X829uwDynl4cANjovliBTCGfaGA1z0NEWKz-bZokKbr4AR9iQbZg2,2,kind of chess piece white4:90:DCx_U2xhaGga2BHX6T4I8st1a1XszSVJv8X829uwDynl4cANjovliBTCGfaGA1z0NEWKz-bZokKbr4AR9iQbZg2 | 스프라이트 2:34:DCx_U2xhaGga2BHX6T4I8st1a1XszSVJv8X829uwDynl4cANjovliBTCGfaGA1z0NEWKz-bZokKbr4AR9iQbZg2
150__kind_of_chess_piece_white4__donkeyb__08ea069fcfa36550384703fda8dccdde.svg,08ea069fcfa36550384703fda8dccdde.svg,08ea069fcfa36550384703fda8dccdde,kind of chess piece white4,donkeyb,1,kind of chess piece white4:163:donkeyb
151__kind_of_chess_piece_white4__donkeyb2_1__1bc5a39992a16fd1ee3874461594e155.svg,1bc5a39992a16fd1ee3874461594e155.svg,1bc5a39992a16fd1ee3874461594e155,kind of chess piece white4,donkeyb2 (1),1,kind of chess piece white4:164:donkeyb2 (1)
152__kind_of_chess_piece_white4__dozer__f31686c6b3e651ee433b7b3d2bc95cc9.svg,f31686c6b3e651ee433b7b3d2bc95cc9.svg,f31686c6b3e651ee433b7b3d2bc95cc9,kind of chess piece white4,dozer,4,kind of chess piece white4:16:dozer | chess pieces:31:dozer white | 2:31:dozer white | 스프라이트 2:10:dozer
153__kind_of_chess_piece_white4__dozer2__86bc1c9704e5ebbd7ad267d75be1ed48.svg,86bc1c9704e5ebbd7ad267d75be1ed48.svg,86bc1c9704e5ebbd7ad267d75be1ed48,kind of chess piece white4,dozer2,1,kind of chess piece white4:17:dozer2
154__kind_of_chess_piece_white4__dragonhorse-b__58f4abe6e42784ceacc97444ac3a6ce6.svg,58f4abe6e42784ceacc97444ac3a6ce6.svg,58f4abe6e42784ceacc97444ac3a6ce6,kind of chess piece white4,dragonhorse-b,1,kind of chess piece white4:20:dragonhorse-b
155__kind_of_chess_piece_white4__dragonhorse-w__e3301b0483474a2da96188c64f0de4e9.svg,e3301b0483474a2da96188c64f0de4e9.svg,e3301b0483474a2da96188c64f0de4e9,kind of chess piece white4,dragonhorse-w,2,kind of chess piece white4:19:dragonhorse-w | 스프라이트 2:12:dragonhorse-w
156__kind_of_chess_piece_white4__elephantb__e65d3df85ab677755f17d2208d15464b.svg,e65d3df85ab677755f17d2208d15464b.svg,e65d3df85ab677755f17d2208d15464b,kind of chess piece white4,elephantb,1,kind of chess piece white4:168:elephantb
157__kind_of_chess_piece_white4__elephantw__fade12e7a0a962c095d56891e6d9aa63.svg,fade12e7a0a962c095d56891e6d9aa63.svg,fade12e7a0a962c095d56891e6d9aa63,kind of chess piece white4,elephantw,1,kind of chess piece white4:169:elephantw
158__kind_of_chess_piece_white4__free-icon-triquetra-112313__7c8f6cdf335883926fa9dff7a9cb6e15.svg,7c8f6cdf335883926fa9dff7a9cb6e15.svg,7c8f6cdf335883926fa9dff7a9cb6e15,kind of chess piece white4,free-icon-triquetra-112313,1,kind of chess piece white4:113:free-icon-triquetra-112313
159__kind_of_chess_piece_white4__garl2__4310f4544f9ba6e9685153a5fd5fe211.svg,4310f4544f9ba6e9685153a5fd5fe211.svg,4310f4544f9ba6e9685153a5fd5fe211,kind of chess piece white4,garl2,1,kind of chess piece white4:43:garl2
160__kind_of_chess_piece_white4__generated_019e8bf8-b005-7fad-af41-fa9d2d2f287a2_1__d926c1919fd74051101dad9b9a573899.svg,d926c1919fd74051101dad9b9a573899.svg,d926c1919fd74051101dad9b9a573899,kind of chess piece white4,generated_019e8bf8-b005-7fad-af41-fa9d2d2f287a2 (1),1,kind of chess piece white4:156:generated_019e8bf8-b005-7fad-af41-fa9d2d2f287a2 (1)
161__kind_of_chess_piece_white4__giraffe-b__e39a02359e693f626021803fe78911b9.svg,e39a02359e693f626021803fe78911b9.svg,e39a02359e693f626021803fe78911b9,kind of chess piece white4,giraffe-b,1,kind of chess piece white4:14:giraffe-b
162__kind_of_chess_piece_white4__giraffe-w__e76e4ac8134b76b20cc472766f77d9b3.svg,e76e4ac8134b76b20cc472766f77d9b3.svg,e76e4ac8134b76b20cc472766f77d9b3,kind of chess piece white4,giraffe-w,3,kind of chess piece white4:13:giraffe-w | kind of chess piece2:17:Chess_Glt45 | 스프라이트 2:9:giraffe-w
163__kind_of_chess_piece_white4__goatb__fd12196c2fb962cc528da666221fcadc.svg,fd12196c2fb962cc528da666221fcadc.svg,fd12196c2fb962cc528da666221fcadc,kind of chess piece white4,goatb,1,kind of chess piece white4:170:goatb
164__kind_of_chess_piece_white4__goatw__b20fceb9cfc3dced326234e08409ec12.svg,b20fceb9cfc3dced326234e08409ec12.svg,b20fceb9cfc3dced326234e08409ec12,kind of chess piece white4,goatw,1,kind of chess piece white4:171:goatw
165__kind_of_chess_piece_white4__god__d21c2b47df5331eaf5d8b83960a5c8f5.svg,d21c2b47df5331eaf5d8b83960a5c8f5.svg,d21c2b47df5331eaf5d8b83960a5c8f5,kind of chess piece white4,god,1,kind of chess piece white4:46:god
166__kind_of_chess_piece_white4__grasshopper-b__383af07ea3c809d0a560b3b4d80e2651.svg,383af07ea3c809d0a560b3b4d80e2651.svg,383af07ea3c809d0a560b3b4d80e2651,kind of chess piece white4,grasshopper-b,1,kind of chess piece white4:36:grasshopper-b
167__kind_of_chess_piece_white4__grasshopper-w__25bf5c0c86a33816bf04783269be9d7c.svg,25bf5c0c86a33816bf04783269be9d7c.svg,25bf5c0c86a33816bf04783269be9d7c,kind of chess piece white4,grasshopper-w,3,kind of chess piece white4:35:grasshopper-w | kind of chess piece2:24:Chess_tlt45 | 스프라이트 2:20:grasshopper-w
168__kind_of_chess_piece_white4__istockphoto-1835374268-612x612__b1e33af07339c0502067a0df02594291.svg,b1e33af07339c0502067a0df02594291.svg,b1e33af07339c0502067a0df02594291,kind of chess piece white4,istockphoto-1835374268-612x612,1,kind of chess piece white4:114:istockphoto-1835374268-612x612
169__kind_of_chess_piece_white4__kb__8080aea839f3e070328acf6f0ae8a490.svg,8080aea839f3e070328acf6f0ae8a490.svg,8080aea839f3e070328acf6f0ae8a490,kind of chess piece white4,kb,2,kind of chess piece white4:65:kb | kind of chess piece black:4:kb
170__kind_of_chess_piece_white4__kb2__7cdf5d2f17fd6179ed00f2a91bb6d09a.svg,7cdf5d2f17fd6179ed00f2a91bb6d09a.svg,7cdf5d2f17fd6179ed00f2a91bb6d09a,kind of chess piece white4,kb2,3,kind of chess piece white4:75:kb2 | chess pieces:4:kb2 | 2:4:kb2
171__kind_of_chess_piece_white4__kb3__72d490628569af887fd4a4f3c35f87c9.svg,72d490628569af887fd4a4f3c35f87c9.svg,72d490628569af887fd4a4f3c35f87c9,kind of chess piece white4,kb3,3,kind of chess piece white4:77:kb3 | chess pieces:2:kb | 2:2:kb
172__kind_of_chess_piece_white4__king__fc7d95d15f8e00296729a3df924e289f.svg,fc7d95d15f8e00296729a3df924e289f.svg,fc7d95d15f8e00296729a3df924e289f,kind of chess piece white4,king,6,kind of chess piece white4:10:king | chess pieces:8:kw | chess pieces:46:kw3 | kind of chess piece2:2:2 | 2:8:kw | 스프라이트 2:3:king
173__kind_of_chess_piece_white4__knight__d0ece8952d2c2bf70ff893123862957e.svg,d0ece8952d2c2bf70ff893123862957e.svg,d0ece8952d2c2bf70ff893123862957e,kind of chess piece white4,knight,2,kind of chess piece white4:1:knight | 스프라이트 2:7:knight
174__kind_of_chess_piece_white4__knight2__f83e56e40bdfeb26b1d7cb27e4756af8.svg,f83e56e40bdfeb26b1d7cb27e4756af8.svg,f83e56e40bdfeb26b1d7cb27e4756af8,kind of chess piece white4,knight2,4,kind of chess piece white4:8:knight2 | chess pieces:36:knight2 | 2:36:knight2 | 스프라이트 2:1:knight2
175__kind_of_chess_piece_white4__knight3__7e10a5a41e45ee60a3463c3e590a3178.svg,7e10a5a41e45ee60a3463c3e590a3178.svg,7e10a5a41e45ee60a3463c3e590a3178,kind of chess piece white4,knight3,1,kind of chess piece white4:9:knight3
176__kind_of_chess_piece_white4__knight4__e285c5b1152bb3554f103f72f3d79a5b.svg,e285c5b1152bb3554f103f72f3d79a5b.svg,e285c5b1152bb3554f103f72f3d79a5b,kind of chess piece white4,knight4,1,kind of chess piece white4:2:knight4
177__kind_of_chess_piece_white4__lion-b__f81630c20f357641870e18925a88e716.svg,f81630c20f357641870e18925a88e716.svg,f81630c20f357641870e18925a88e716,kind of chess piece white4,lion-b,1,kind of chess piece white4:86:lion-b
178__kind_of_chess_piece_white4__lion-w__b50aa616862611d8fe5f7a0663f271b7.svg,b50aa616862611d8fe5f7a0663f271b7.svg,b50aa616862611d8fe5f7a0663f271b7,kind of chess piece white4,lion-w,2,kind of chess piece white4:85:lion-w | 스프라이트 2:33:lion-w
179__kind_of_chess_piece_white4__mann-b__7f83516fa705caffc5d1220d1965002e.svg,7f83516fa705caffc5d1220d1965002e.svg,7f83516fa705caffc5d1220d1965002e,kind of chess piece white4,mann-b,1,kind of chess piece white4:80:mann-b
180__kind_of_chess_piece_white4__mann-w__822b21b5d1ec73eb99506ef286b1f476.svg,822b21b5d1ec73eb99506ef286b1f476.svg,822b21b5d1ec73eb99506ef286b1f476,kind of chess piece white4,mann-w,2,kind of chess piece white4:79:mann-w | kind of chess piece2:14:Chess_Mlt45
181__kind_of_chess_piece_white4__pb__55e21e8a8e8dce73b2c4859b5eee5fc0.svg,55e21e8a8e8dce73b2c4859b5eee5fc0.svg,55e21e8a8e8dce73b2c4859b5eee5fc0,kind of chess piece white4,pb,3,kind of chess piece white4:73:pb | chess pieces:6:pb | 2:6:pb
182__kind_of_chess_piece_white4__png-transparent-computer-icons-crown-crown-svg-free-black-crown-image-file-forma__e2433e381c20cdd79748ef13c1d9cee8.svg,e2433e381c20cdd79748ef13c1d9cee8.svg,e2433e381c20cdd79748ef13c1d9cee8,kind of chess piece white4,png-transparent-computer-icons-crown-crown-svg-free-black-crown-image-file-formats-king-black (1) (2)3,3,kind of chess piece white4:72:png-transparent-computer-icons-crown-crown-svg-free-black-crown-image-file-formats-king-black (1) (2)3 | chess pieces:34:png-transparent-computer-icons-crown-crown-svg-free-black-crown-image-file-formats-king-black (1) (2) | 2:34:png-transparent-computer-icons-crown-crown-svg-free-black-crown-image-file-formats-king-black (1) (2)
183__kind_of_chess_piece_white4__priest__fdcbed0f6b1bc4fbc8933979f06cf3fa.svg,fdcbed0f6b1bc4fbc8933979f06cf3fa.svg,fdcbed0f6b1bc4fbc8933979f06cf3fa,kind of chess piece white4,priest,2,kind of chess piece white4:67:priest | 스프라이트 2:30:priest
184__kind_of_chess_piece_white4__priest2__f9f50ae5b380bc5d77d6daf1c01b7540.svg,f9f50ae5b380bc5d77d6daf1c01b7540.svg,f9f50ae5b380bc5d77d6daf1c01b7540,kind of chess piece white4,priest2,1,kind of chess piece white4:68:priest2
185__kind_of_chess_piece_white4__qb__2531fa53d0ee43f357ceef8e255ca58e.svg,2531fa53d0ee43f357ceef8e255ca58e.svg,2531fa53d0ee43f357ceef8e255ca58e,kind of chess piece white4,qb,2,kind of chess piece white4:66:qb | kind of chess piece black:10:qb
186__kind_of_chess_piece_white4__qb2__3a673554a255620b6102580c827276b6.svg,3a673554a255620b6102580c827276b6.svg,3a673554a255620b6102580c827276b6,kind of chess piece white4,qb2,3,kind of chess piece white4:78:qb2 | chess pieces:1:qb | 2:1:qb
187__kind_of_chess_piece_white4__qw__3b7433e5642f779da9778202a8c05d91.svg,3b7433e5642f779da9778202a8c05d91.svg,3b7433e5642f779da9778202a8c05d91,kind of chess piece white4,qw,5,kind of chess piece white4:81:qw | chess pieces:7:qw | kind of chess piece2:1:1 | 2:7:qw | 스프라이트 2:4:qw
188__kind_of_chess_piece_white4__rb__00dc245c7f1c43ed6b240f50458f2858.svg,00dc245c7f1c43ed6b240f50458f2858.svg,00dc245c7f1c43ed6b240f50458f2858,kind of chess piece white4,rb,4,kind of chess piece white4:74:rb | chess pieces:5:rb | kind of chess piece black:8:rook black | 2:5:rb
189__kind_of_chess_piece_white4__skull__ca486499eb69bb7c57decdb96d37cdea.svg,ca486499eb69bb7c57decdb96d37cdea.svg,ca486499eb69bb7c57decdb96d37cdea,kind of chess piece white4,skull,2,kind of chess piece white4:95:skull | 스프라이트 2:39:skull
190__kind_of_chess_piece_white4__Snowflake_0__a9812f9162b503dfeebd40c516f196cd.svg,a9812f9162b503dfeebd40c516f196cd.svg,a9812f9162b503dfeebd40c516f196cd,kind of chess piece white4,Snowflake_0,1,kind of chess piece white4:144:Snowflake_0
191__kind_of_chess_piece_white4__Snowflake_0_1_1__4b084c389a8d8fa33e829fc809fa3f35.svg,4b084c389a8d8fa33e829fc809fa3f35.svg,4b084c389a8d8fa33e829fc809fa3f35,kind of chess piece white4,Snowflake_0 (1) (1),1,kind of chess piece white4:145:Snowflake_0 (1) (1)
192__kind_of_chess_piece_white4__tem_white__11520fcdb4140f9aa0407823fc4cd8cc.svg,11520fcdb4140f9aa0407823fc4cd8cc.svg,11520fcdb4140f9aa0407823fc4cd8cc,kind of chess piece white4,tem white,5,kind of chess piece white4:59:tem white | chess pieces:35:tem white | kind of chess piece2:12:12 | 2:35:tem white | 스프라이트 2:28:tem white
193__kind_of_chess_piece_white4__tempest-queen-b__feed7719efab39e1424fa64b3bb98fd6.svg,feed7719efab39e1424fa64b3bb98fd6.svg,feed7719efab39e1424fa64b3bb98fd6,kind of chess piece white4,tempest-queen-b,1,kind of chess piece white4:51:tempest-queen-b
194__kind_of_chess_piece_white4__tempest-queen-w__ff4ecbc87efdda218797cb5e713d055e.svg,ff4ecbc87efdda218797cb5e713d055e.svg,ff4ecbc87efdda218797cb5e713d055e,kind of chess piece white4,tempest-queen-w,2,kind of chess piece white4:50:tempest-queen-w | 스프라이트 2:25:tempest-queen-w
195__kind_of_chess_piece_white4__temple__4d02008104d22eb9f9110f4de7864256.svg,4d02008104d22eb9f9110f4de7864256.svg,4d02008104d22eb9f9110f4de7864256,kind of chess piece white4,temple,3,kind of chess piece white4:42:temple | chess pieces:24:temple | 2:24:temple
196__kind_of_chess_piece_white4__toilet__83b1393dff99ad2f8f458a5297e0915c.svg,83b1393dff99ad2f8f458a5297e0915c.svg,83b1393dff99ad2f8f458a5297e0915c,kind of chess piece white4,toilet,1,kind of chess piece white4:45:toilet
197__kind_of_chess_piece_white4__triskelion__3f30a522a656bbe8148f3f3da87019f3.svg,3f30a522a656bbe8148f3f3da87019f3.svg,3f30a522a656bbe8148f3f3da87019f3,kind of chess piece white4,triskelion,1,kind of chess piece white4:127:triskelion
198__kind_of_chess_piece_white4__triskelion2__c20a9c8d8998292039cbb59a0820a728.svg,c20a9c8d8998292039cbb59a0820a728.svg,c20a9c8d8998292039cbb59a0820a728,kind of chess piece white4,triskelion2,1,kind of chess piece white4:128:triskelion2
199__kind_of_chess_piece_white4__unicorn-b__d6800acf5eab45c6db3d0bb1e44f4e48.svg,d6800acf5eab45c6db3d0bb1e44f4e48.svg,d6800acf5eab45c6db3d0bb1e44f4e48,kind of chess piece white4,unicorn-b,1,kind of chess piece white4:26:unicorn-b
200__kind_of_chess_piece_white4__unicorn-w__93abb65b09760e6c383be5383872fd34.svg,93abb65b09760e6c383be5383872fd34.svg,93abb65b09760e6c383be5383872fd34,kind of chess piece white4,unicorn-w,3,kind of chess piece white4:25:unicorn-w | kind of chess piece2:16:Chess_Ult45 | 스프라이트 2:16:unicorn-w
201__kind_of_chess_piece_white4__wasp-b__1f78c295e6b3878e6c5667ca5f754548.svg,1f78c295e6b3878e6c5667ca5f754548.svg,1f78c295e6b3878e6c5667ca5f754548,kind of chess piece white4,wasp-b,1,kind of chess piece white4:12:wasp-b
202__kind_of_chess_piece_white4__wasp-w__6e3f1b1e3322905953ad2ab5f7232154.svg,6e3f1b1e3322905953ad2ab5f7232154.svg,6e3f1b1e3322905953ad2ab5f7232154,kind of chess piece white4,wasp-w,2,kind of chess piece white4:11:wasp-w | 스프라이트 2:2:wasp-w
203__kind_of_chess_piece_white4__wbishopb__f8200bd25fa17c2019a82be366613695.svg,f8200bd25fa17c2019a82be366613695.svg,f8200bd25fa17c2019a82be366613695,kind of chess piece white4,wbishopb,1,kind of chess piece white4:157:wbishopb
204__kind_of_chess_piece_white4__wbishopw__5fd2f471b0bd2d0b03d7bad7a2f5c367.svg,5fd2f471b0bd2d0b03d7bad7a2f5c367.svg,5fd2f471b0bd2d0b03d7bad7a2f5c367,kind of chess piece white4,wbishopw,1,kind of chess piece white4:158:wbishopw
205__kind_of_chess_piece_white4__windmill2__782aa693fc4b70b750eda577d34a1ce8.svg,782aa693fc4b70b750eda577d34a1ce8.svg,782aa693fc4b70b750eda577d34a1ce8,kind of chess piece white4,windmill2,4,kind of chess piece white4:71:windmill2 | chess pieces:33:windmill2 | 2:33:windmill2 | 스프라이트 2:31:windmill2
206__kind_of_chess_piece_white4__windmill3__bf5b681d641bbbc991b8befa7ba6c880.svg,bf5b681d641bbbc991b8befa7ba6c880.svg,bf5b681d641bbbc991b8befa7ba6c880,kind of chess piece white4,windmill3,3,kind of chess piece white4:70:windmill3 | chess pieces:32:windmill3 | 2:32:windmill3
207__kind_of_chess_piece_white4__windmill4__d1491dc6e687e61130722e10f12ededd.svg,d1491dc6e687e61130722e10f12ededd.svg,d1491dc6e687e61130722e10f12ededd,kind of chess piece white4,windmill4,1,kind of chess piece white4:152:windmill4
208__kind_of_chess_piece_white4__windmill5__c23cbde31020ef064c81d92615ca624e.svg,c23cbde31020ef064c81d92615ca624e.svg,c23cbde31020ef064c81d92615ca624e,kind of chess piece white4,windmill5,1,kind of chess piece white4:153:windmill5
209__kind_of_chess_piece_white4__wkingb_1__58e341947334f0def1360ce6f271381b.svg,58e341947334f0def1360ce6f271381b.svg,58e341947334f0def1360ce6f271381b,kind of chess piece white4,wkingb (1),1,kind of chess piece white4:161:wkingb (1)
210__kind_of_chess_piece_white4__wkingw_1__230ce838bcdccd9023a64c940957dfde.svg,230ce838bcdccd9023a64c940957dfde.svg,230ce838bcdccd9023a64c940957dfde,kind of chess piece white4,wkingw (1),1,kind of chess piece white4:162:wkingw (1)
211__kind_of_chess_piece_white4__wqueenb__444c467092b75c0c4bbab40f05fae8fb.svg,444c467092b75c0c4bbab40f05fae8fb.svg,444c467092b75c0c4bbab40f05fae8fb,kind of chess piece white4,wqueenb,1,kind of chess piece white4:160:wqueenb
212__kind_of_chess_piece_white4__wqueenw__01fd388c3c1db71c285d5bbe3512394a.svg,01fd388c3c1db71c285d5bbe3512394a.svg,01fd388c3c1db71c285d5bbe3512394a,kind of chess piece white4,wqueenw,1,kind of chess piece white4:159:wqueenw
213__kind_of_chess_piece_white4__zebra-b__d5e9ef2ad33b10a3cbfe51e343661072.svg,d5e9ef2ad33b10a3cbfe51e343661072.svg,d5e9ef2ad33b10a3cbfe51e343661072,kind of chess piece white4,zebra-b,1,kind of chess piece white4:84:zebra-b
214__kind_of_chess_piece_white4__zebra-w__d882600737f2911e80fd088e4d4dae71.svg,d882600737f2911e80fd088e4d4dae71.svg,d882600737f2911e80fd088e4d4dae71,kind of chess piece white4,zebra-w,2,kind of chess piece white4:24:zebra-w | 스프라이트 2:15:zebra-w
215__kind_of_chess_piece_white4__1__bfdeafed1a71ab89fdb5b82d4a9c4fb0.svg,bfdeafed1a71ab89fdb5b82d4a9c4fb0.svg,bfdeafed1a71ab89fdb5b82d4a9c4fb0,kind of chess piece white4,모양 1,3,kind of chess piece white4:92:모양 1 | chess pieces:47:모양 1 | 스프라이트 2:35:모양 2
216__kind_of_chess_piece_white4__1_12__2cd965e981fbae9f1d35830fe30a2e9c.svg,2cd965e981fbae9f1d35830fe30a2e9c.svg,2cd965e981fbae9f1d35830fe30a2e9c,kind of chess piece white4,모양 1 (12),2,kind of chess piece white4:124:모양 1 (12) | 스프라이트 2:45:모양 1 (12)
217__kind_of_chess_piece2__11__e5802473e4a8837ae124ea9df0c2f72e.svg,e5802473e4a8837ae124ea9df0c2f72e.svg,e5802473e4a8837ae124ea9df0c2f72e,kind of chess piece2,11,1,kind of chess piece2:11:11
218__kind_of_chess_piece2__4__e67655bc8e7ab083c5af86cb644f1dc6.svg,e67655bc8e7ab083c5af86cb644f1dc6.svg,e67655bc8e7ab083c5af86cb644f1dc6,kind of chess piece2,4,2,kind of chess piece2:4:4 | 2:10:4
219__kind_of_chess_piece2__7__47453e4247f82ec9c09d976d5efd3834.svg,47453e4247f82ec9c09d976d5efd3834.svg,47453e4247f82ec9c09d976d5efd3834,kind of chess piece2,7,1,kind of chess piece2:7:7
220__kind_of_chess_piece2__8__5f5e2b0bc9800d4fae6149ddbdd8e582.svg,5f5e2b0bc9800d4fae6149ddbdd8e582.svg,5f5e2b0bc9800d4fae6149ddbdd8e582,kind of chess piece2,8,1,kind of chess piece2:8:8
221__kind_of_chess_piece2__Chess_Alt45_1__0af754af370ad235e072141c5b5d3f32.svg,0af754af370ad235e072141c5b5d3f32.svg,0af754af370ad235e072141c5b5d3f32,kind of chess piece2,Chess_Alt45 (1),1,kind of chess piece2:21:Chess_Alt45 (1)
222__kind_of_chess_piece2__Chess_Clt45__ec024a84edf062ec634d61b932fa8678.svg,ec024a84edf062ec634d61b932fa8678.svg,ec024a84edf062ec634d61b932fa8678,kind of chess piece2,Chess_Clt45,1,kind of chess piece2:13:Chess_Clt45
223__kind_of_chess_piece2__Chess_Dlt45__00fc73f29e19f68e4825727b0f27db76.svg,00fc73f29e19f68e4825727b0f27db76.svg,00fc73f29e19f68e4825727b0f27db76,kind of chess piece2,Chess_Dlt45,1,kind of chess piece2:20:Chess_Dlt45
224__kind_of_chess_piece2__Chess_slt45__7b84ec1a7546de4460924f037aa5c40a.svg,7b84ec1a7546de4460924f037aa5c40a.svg,7b84ec1a7546de4460924f037aa5c40a,kind of chess piece2,Chess_slt45,1,kind of chess piece2:19:Chess_slt45
225__kind_of_chess_piece2__Chess_wlt45__853394beb92c1b6916c2e7a34452b979.svg,853394beb92c1b6916c2e7a34452b979.svg,853394beb92c1b6916c2e7a34452b979,kind of chess piece2,Chess_wlt45,1,kind of chess piece2:25:Chess_wlt45
226__kind_of_chess_piece2__Chess_Zlt45__4c9222c3804c85250ed6be43a790d09e.svg,4c9222c3804c85250ed6be43a790d09e.svg,4c9222c3804c85250ed6be43a790d09e,kind of chess piece2,Chess_Zlt45,1,kind of chess piece2:15:Chess_Zlt45
227__kind_of_chess_piece2__Chess_zlt45_1__261cfd13de7ee79d44e1b2e852b29f3a.svg,261cfd13de7ee79d44e1b2e852b29f3a.svg,261cfd13de7ee79d44e1b2e852b29f3a,kind of chess piece2,Chess_zlt45 (1),1,kind of chess piece2:26:Chess_zlt45 (1)
228__movement__barrier__d5a95ef23bdebe6c2a6b684ac525578a.svg,d5a95ef23bdebe6c2a6b684ac525578a.svg,d5a95ef23bdebe6c2a6b684ac525578a,movement,barrier,1,movement:4:barrier
229__movement__catch__a66d78276b423247fca5072a64d698b8.svg,a66d78276b423247fca5072a64d698b8.svg,a66d78276b423247fca5072a64d698b8,movement,catch,1,movement:7:catch
230__movement__hold__39c79e01146dfe83dfee04169c873879.svg,39c79e01146dfe83dfee04169c873879.svg,39c79e01146dfe83dfee04169c873879,movement,hold,1,movement:9:hold
231__movement__jump__452a21b22256c99b6227ea2bdf478726.svg,452a21b22256c99b6227ea2bdf478726.svg,452a21b22256c99b6227ea2bdf478726,movement,jump,1,movement:8:jump
232__movement__move__adcdd2851305181a857a31022bfa0c72.svg,adcdd2851305181a857a31022bfa0c72.svg,adcdd2851305181a857a31022bfa0c72,movement,move,1,movement:3:move
233__movement__move_take__eea5291030ae67602d46e1c76092195a.svg,eea5291030ae67602d46e1c76092195a.svg,eea5291030ae67602d46e1c76092195a,movement,move take,1,movement:1:move take
234__movement__shift__08867f219fbcf8330f4a88957bb780e2.svg,08867f219fbcf8330f4a88957bb780e2.svg,08867f219fbcf8330f4a88957bb780e2,movement,shift,1,movement:10:shift
235__movement__take__315f0a907585e2d15051a3b5270d2ff0.svg,315f0a907585e2d15051a3b5270d2ff0.svg,315f0a907585e2d15051a3b5270d2ff0,movement,take,1,movement:2:take
236__movement__void__cce5c5c065e6de6469b0822af332b4b5.svg,cce5c5c065e6de6469b0822af332b4b5.svg,cce5c5c065e6de6469b0822af332b4b5,movement,void,2,movement:5:void | movement:6:void2
237__movement__void2_1__391e91b182cd28bb60398c375a626d43.svg,391e91b182cd28bb60398c375a626d43.svg,391e91b182cd28bb60398c375a626d43,movement,void2 (1),1,movement:11:void2 (1)
238__wall2__1_6__5f2c6ba1118cca219280eab90d0ddebd.svg,5f2c6ba1118cca219280eab90d0ddebd.svg,5f2c6ba1118cca219280eab90d0ddebd,wall2,모양 1 (6),1,wall2:1:모양 1 (6)
239__1__tail__eee35c3034a2848d0706d3f5d9028613.svg,eee35c3034a2848d0706d3f5d9028613.svg,eee35c3034a2848d0706d3f5d9028613,스프라이트 1,tail,1,스프라이트 1:2:tail
240__1__1__8f55faa95b11807d2bf8cbe84feff7c7.svg,8f55faa95b11807d2bf8cbe84feff7c7.svg,8f55faa95b11807d2bf8cbe84feff7c7,스프라이트 1,모양 1,1,스프라이트 1:1:모양 1
241__2__2474728_2_1__fffedefaa95bf116f608223c3e4b9fef.svg,fffedefaa95bf116f608223c3e4b9fef.svg,fffedefaa95bf116f608223c3e4b9fef,스프라이트 2,2474728 (2) (1),1,스프라이트 2:41:2474728 (2) (1)
242__2__bw3_1__34fad5caf55fe70eb1266712c99960e9.svg,34fad5caf55fe70eb1266712c99960e9.svg,34fad5caf55fe70eb1266712c99960e9,스프라이트 2,bw3 (1),1,스프라이트 2:29:bw3 (1)
